CityCode,BoardId,RoadName,StartLon,StartLat,EndLon,EndLat
110000,0010_103_001,北京城市内快速路,116.570446,40.041606,116.175351,39.753424
110000,0010_105_001,望京区域,116.503079,39.999301,116.440662,39.987544
110000,0010_105_002,中关村区域,116.317951,39.985662,116.305047,39.975411
110000,0010_105_003,北京CBD区域,116.49044,39.925039,116.43419,39.907748
110000,0010_105_004,西单金融街区域,116.374569,39.92415,116.355714,39.906941
110000,0010_105_005,工体三里屯区域,116.462315,39.941802,116.433189,39.922903
110000,0010_105_006,东单王府井区域,116.435875,39.924635,116.406065,39.908152
110000,0010_105_007,东直门区域,116.447498,39.951218,116.416441,39.933241
110000,0010_105_008,西直门区域,116.37341,39.948227,116.341493,39.931744
110000,0010_105_009,崇文门区域,116.436086,39.907991,116.411858,39.892235
110000,0010_105_010,公主坟区域,116.321532,39.91296,116.294935,39.896759
110000,0010_105_011,五棵松区域,116.297568,39.92601,116.252168,39.896436
110000,0010_105_012,鸟巢区域,116.419021,40.023286,116.377729,39.985735
110000,0010_106_001,世纪坛-北京西站,116.343836,39.918367,116.30867,39.891387
110000,0010_106_002,复兴门-天宁寺,116.379001,39.918367,116.343836,39.891387
110000,0010_106_003,西二环北段,116.379001,39.945346,116.343836,39.918367
110000,0010_106_004,北师大周边,116.379001,39.972326,116.343836,39.945346
110000,0010_106_005,中轴路,116.414167,39.972326,116.379001,39.945346
110000,0010_106_006,和平里-西坝河,116.449332,39.972326,116.414167,39.945346
110000,0010_106_007,三元桥-亮马桥,116.484498,39.972326,116.449332,39.945346
110000,0010_106_008,东二环北段,116.449332,39.945346,116.414167,39.918367
110000,0010_106_009,长虹桥-团结湖,116.484498,39.945346,116.449332,39.918367
110000,0010_106_010,惠新西街-芍药居,116.449332,39.999306,116.414167,39.972326
110000,0010_106_011,花家地,116.484498,39.999306,116.449332,39.972326
110000,0010_106_012,环铁区域,116.554829,40.026286,116.484498,39.972326
110000,0010_106_013,朝阳北路-姚家园,116.554829,39.972326,116.484498,39.918367
110000,0010_106_014,来广营-广顺北大街,116.484498,40.026286,116.449332,39.999306
110000,0010_106_015,北苑路,116.449332,40.026286,116.414167,39.999306
110000,0010_106_016,奥森公园-安立路,116.414167,40.026286,116.379001,39.999306
110000,0010_106_017,北沙滩,116.379001,40.026286,116.343836,39.999306
110000,0010_106_018,圆明园-清华,116.343836,40.026286,116.30867,39.999306
110000,0010_106_019,颐和园-圆明园,116.30867,40.026286,116.273505,39.999306
110000,0010_106_020,巴沟,116.30867,39.999306,116.273505,39.972326
110000,0010_106_021,保福寺,116.343836,39.999306,116.30867,39.972326
110000,0010_106_022,花园路-志新路,116.379001,39.999306,116.343836,39.972326
110000,0010_106_023,北京奥体中心,116.414167,39.999306,116.379001,39.972326
110000,0010_106_024,万柳-世纪城,116.30867,39.972326,116.273505,39.945346
110000,0010_106_025,魏公村,116.343836,39.972326,116.30867,39.945346
110000,0010_106_026,阜成路,116.30867,39.945346,116.273505,39.918367
110000,0010_106_027,白石桥-甘家口,116.343836,39.945346,116.30867,39.918367
110000,0010_106_028,景山-后海,116.414167,39.945346,116.379001,39.918367
110000,0010_106_029,万寿路,116.30867,39.918367,116.273505,39.891387
110000,0010_106_030,天安门-前门,116.414167,39.918367,116.379001,39.891387
110000,0010_106_031,北京站,116.449332,39.918367,116.414167,39.891387
110000,0010_106_032,国贸-大望路,116.484498,39.918367,116.449332,39.891387
110000,0010_106_033,广安路,116.30867,39.891387,116.273505,39.864407
110000,0010_106_034,马连道,116.343836,39.891387,116.30867,39.864407
110000,0010_106_035,白纸坊-菜市口,116.379001,39.891387,116.343836,39.864407
110000,0010_106_036,陶然亭-天桥,116.414167,39.891387,116.379001,39.864407
110000,0010_106_037,龙潭公园-方庄,116.449332,39.891387,116.414167,39.864407
110000,0010_106_038,劲松-潘家园,116.484498,39.891387,116.44933,39.864407
110000,0010_106_039,角门,116.379001,39.864407,116.343836,39.837427
110000,0010_106_040,大红门,116.414167,39.864407,116.379001,39.837427
110000,0010_106_041,宋家庄,116.449332,39.864407,116.414167,39.837427
110000,0010_106_042,香山-玉泉山,116.273505,40.026286,116.203173,39.972326
110000,0010_106_043,田村路-阜石路,116.273505,39.972326,116.203173,39.918367
110000,0010_106_044,鲁谷-小屯,116.273505,39.918367,116.203173,39.864407
110000,0010_106_045,百子湾-化工路,116.554829,39.918367,116.484498,39.864407
110000,0010_106_046,世界公园-丰台科技园,116.343836,39.864407,116.203173,39.756488
110000,0010_106_047,南苑机场,116.449332,39.837427,116.343836,39.756488
110000,0010_106_048,亦庄,116.554829,39.864407,116.44933,39.7835
310000,0021_103_001,上海城市内快速路,121.576793,31.384596,121.3404,31.089188
310000,0021_105_001,徐家汇区域,121.440485,31.20782,121.425087,31.179779
310000,0021_105_002,南京东路区域,121.490791,31.24224,121.481476,31.232872
310000,0021_105_003,南京西路区域,121.460279,31.236764,121.452763,31.225654
310000,0021_105_004,淮海路东区域,121.477905,31.230382,121.470732,31.219908
310000,0021_105_005,淮海路西区域,121.469303,31.226449,121.458718,31.214839
310000,0021_105_006,陆家嘴区域,121.510533,31.243121,121.505135,31.228797
310000,0021_105_007,八佰伴区域,121.52579,31.23917,121.515535,31.224976
310000,0021_105_008,五角场区域,121.51961,31.306165,121.50913,31.286764
310000,0021_106_001,上大南区,121.40422,31.355576,121.341106,31.301616
310000,0021_106_002,彭浦-庙行镇,121.498993,31.382554,121.40422,31.301616
310000,0021_106_003,中原-浦东北路,121.593766,31.382554,121.498993,31.301616
310000,0021_106_004,外高桥,121.656752,31.355576,121.593766,31.301616
310000,0021_106_005,东陆-华高,121.656716,31.301616,121.593544,31.247656
310000,0021_106_006,金桥-张江,121.656716,31.247656,121.593618,31.193696
310000,0021_106_007,孙桥-周浦,121.65688,31.193696,121.562107,31.112758
310000,0021_106_008,北蔡-三林,121.562107,31.193696,121.498993,31.112758
310000,0021_106_009,上海植物园-三鲁路,121.498993,31.166718,121.435879,31.112758
310000,0021_106_010,莘庄-古北,121.435879,31.193696,121.341106,31.112758
310000,0021_106_011,西郊宾馆-金沙江路,121.40422,31.247656,121.341106,31.193696
310000,0021_106_012,桃浦-铜川路,121.40422,31.301616,121.341106,31.247656
310000,0021_106_013,黄兴公园-金杨,121.593544,31.301616,121.530436,31.247656
310000,0021_106_014,大场镇,121.435786,31.301616,121.40422,31.274636
310000,0021_106_015,中环共和新路立交,121.467352,31.301616,121.435786,31.274636
310000,0021_106_016,大柏树-广中路,121.498918,31.301616,121.467352,31.274636
310000,0021_106_017,五角场-鞍山,121.530484,31.301616,121.498918,31.274636
310000,0021_106_018,上海西站-工程技术大学,121.435774,31.274636,121.40422,31.247656
310000,0021_106_019,大宁绿地-上海火车站,121.467328,31.274636,121.435774,31.247656
310000,0021_106_020,虹口足球场-四平路,121.498882,31.274636,121.467328,31.247656
310000,0021_106_021,杨树浦-周家嘴路,121.530484,31.274636,121.498918,31.247656
310000,0021_106_022,曹杨-曹家渡,121.435774,31.247656,121.40422,31.220676
310000,0021_106_023,静安寺-长寿路,121.467328,31.247656,121.435774,31.220676
310000,0021_106_024,人民广场-外滩,121.498882,31.247656,121.467328,31.220676
310000,0021_106_025,陆家嘴-八佰伴,121.530436,31.247656,121.498858,31.220676
310000,0021_106_026,源深体育-北洋泾,121.561966,31.247656,121.530436,31.220676
310000,0021_106_027,碧云社区,121.593544,31.247656,121.561966,31.220676
310000,0021_106_028,中山公园-上海交大,121.435774,31.220676,121.40422,31.193696
310000,0021_106_029,徐家汇-花园饭店,121.467304,31.220676,121.435774,31.193696
310000,0021_106_030,新天地-半淞园路,121.498858,31.220676,121.467304,31.193696
310000,0021_106_031,董家渡,121.530412,31.220676,121.498858,31.193696
310000,0021_106_032,世纪公园-龙阳路,121.561966,31.220676,121.530412,31.193696
310000,0021_106_033,张江立交,121.593618,31.220676,121.561966,31.193696
310000,0021_106_034,上海体育馆-龙华寺,121.467445,31.193696,121.435879,31.166718
310000,0021_106_035,后滩-上南,121.499011,31.193696,121.467445,31.166718
440100,0020_103_001,广州城市内快速路,113.36964,23.171753,113.220883,23.081495
440100,0020_105_001,广州CBD区域,113.354254,23.131033,113.313399,23.109294
440100,0020_105_002,天河商业区域,113.362467,23.14793,113.312557,23.12682
440100,0020_105_003,上下九区域,113.254196,23.118855,113.241271,23.110721
440100,0020_105_004,北京路区域,113.276162,23.12737,113.261421,23.117371
440100,0020_105_005,岗顶区域,113.363275,23.146917,113.32942,23.12576
440100,0020_105_006,江南西区域,113.275379,23.107673,113.263533,23.08031
440100,0020_105_007,东川区域,113.2989,23.132091,113.276549,23.121777
440100,0020_106_001,金沙-芳村大道中,113.241055,23.175338,113.182394,23.094398
440100,0020_106_002,三元里-广州站,113.299716,23.175338,113.241055,23.148358
440100,0020_106_003,广州东站-华南理工,113.358376,23.175338,113.299716,23.148358
440100,0020_106_004,芩村立交-大观中路,113.417037,23.175338,113.358376,23.148358
440100,0020_106_005,广州西站-越秀公园,113.270385,23.148358,113.241055,23.121378
440100,0020_106_006,淘金-烈士陵园,113.299716,23.148358,113.270385,23.121378
440100,0020_106_007,天河体育中心,113.329046,23.148358,113.299716,23.121378
440100,0020_106_008,华南师大-黄埔大道,113.358376,23.148358,113.329046,23.121378
440100,0020_106_009,牛岭岗-会展中心,113.417037,23.148358,113.358376,23.094398
440100,0020_106_010,上下九-宝岗,113.270385,23.121378,113.241055,23.094398
440100,0020_106_011,东山湖公园-滨江,113.299716,23.121378,113.270385,23.094398
440100,0020_106_012,二沙岛,113.329046,23.121378,113.299716,23.094398
440100,0020_106_013,珠江公园-新港东立交,113.358376,23.121378,113.329046,23.094398
440100,0020_106_014,增滘立交,113.241055,23.094398,113.182394,23.040439
440100,0020_106_015,鹤洞立交-工业大道,113.299716,23.094398,113.241055,23.040439
440100,0020_106_016,赤岗-龙潭立交,113.358376,23.094398,113.299716,23.040439
440100,0020_106_017,广州大学城,113.417037,23.094398,113.358376,23.013459
440300,0755_103_001,深圳城市内主干路,114.150297,22.578405,113.90004,22.49548
440300,0755_105_001,深圳CBD区域,114.069922,22.549887,114.047606,22.52685
440300,0755_105_002,华强北区域,114.09722,22.549997,114.080126,22.539361
440300,0755_105_003,东门区域,114.132989,22.551628,114.120944,22.537356
440300,0755_105_004,人民南区域,114.122545,22.545221,114.116689,22.53355
440300,0755_105_005,车公庙区域,114.033147,22.538394,114.017359,22.525865
440300,0755_105_006,南山区域,113.932774,22.542731,113.906988,22.52154
440300,0755_106_001,新安-宝安公园,113.917259,22.595175,113.858841,22.541216
440300,0755_106_002,西丽-科技园,113.975677,22.595175,113.917259,22.541216
440300,0755_106_003,塘郎山公园,114.034095,22.595175,113.975677,22.541216
440300,0755_106_004,莲花山公园-梅观立交,114.063304,22.595175,114.034095,22.541216
440300,0755_106_005,笔架山公园,114.092513,22.595175,114.063304,22.541216
440300,0755_106_006,围岭公园,114.150931,22.595175,114.092513,22.568195
440300,0755_106_007,笋岗-荔枝公园,114.121722,22.568195,114.092513,22.541216
440300,0755_106_008,翠竹-东门,114.150931,22.568195,114.121722,22.525028
440300,0755_106_009,深圳西站-深圳大学,113.946468,22.541216,113.88805,22.514236
440300,0755_106_010,沙河高尔夫球会,113.975677,22.541216,113.946468,22.514236
440300,0755_106_011,欢乐谷-下沙,114.034095,22.541216,113.975677,22.514236
440300,0755_106_012,福田保税区,114.063304,22.541216,114.034095,22.50884
440300,0755_106_013,滨河皇岗立交,114.092513,22.541216,114.063304,22.50884
440300,0755_106_014,上步-罗湖火车站,114.121722,22.541216,114.092513,22.525028
440300,0755_106_015,南油-蛇口,113.946468,22.514236,113.88805,22.460276
220100,0431_103_001,长春城市内主干路,125.464963,43.986405,125.158969,43.782137
220100,0431_105_001,重庆路区域,125.329888,43.898444,125.326039,43.885587
220100,0431_105_002,桂林路区域,125.327446,43.872413,125.305658,43.86266
220100,0431_105_003,红旗街区域,125.309622,43.879681,125.289832,43.847322
220100,0431_106_001,百国兴隆寺,125.305247,43.964815,125.23039,43.910856
220100,0431_106_002,兴业,125.380145,43.964815,125.305247,43.910856
220100,0431_106_003,卧龙寿明园-东风,125.267798,43.910856,125.192941,43.856897
220100,0431_106_004,长春公园,125.305247,43.910856,125.267798,43.883877
220100,0431_106_005,长春站-人民广场,125.342696,43.910856,125.305247,43.883877
220100,0431_106_006,伪满皇宫博物院,125.380145,43.910857,125.342696,43.883877
220100,0431_106_007,荣光-彩虹广场,125.455002,43.910857,125.380145,43.856898
220100,0431_106_008,解放桥,125.305247,43.883877,125.267798,43.856897
220100,0431_106_009,长春市体育馆,125.342696,43.883877,125.305247,43.856898
220100,0431_106_010,劳动公园-自由大桥,125.380145,43.883877,125.342696,43.856898
220100,0431_106_011,长春国际汽车公园,125.23039,43.856898,125.155533,43.802939
220100,0431_106_012,观澜湖公园,125.305247,43.856898,125.23039,43.802939
220100,0431_106_013,世界雕塑公园,125.380145,43.856898,125.305247,43.802939
220100,0431_106_014,吉林农业大学,125.455002,43.856898,125.380104,43.802939
440400,0756_103_001,珠海城市内主干路,113.601796,22.303524,113.498701,22.204881
440400,0756_105_001,拱北区域,113.562046,22.227826,113.545918,22.215215
440400,0756_105_002,吉大区域,113.592528,22.256455,113.57322,22.245019
440400,0756_105_003,翠微区域,113.535358,22.268512,113.5172,22.249208
440400,0756_106_001,坦洲镇-南屏,113.52593,22.291078,113.46763,22.21014
440400,0756_106_002,珠海市体育中心,113.555084,22.291078,113.52593,22.264098
440400,0756_106_003,翠香路,113.584238,22.291078,113.555084,22.264098
440400,0756_106_004,板樟山森林公园,113.613382,22.264098,113.52593,22.237118
440400,0756_106_005,拱北,113.584222,22.237118,113.52593,22.210138
442000,0760_103_001,中山城市内主干路,113.437194,22.567638,113.33008,22.48467
442000,0760_105_001,孙文西区域,113.375781,22.526607,113.360294,22.512477
442000,0760_105_002,京华区域,113.392034,22.518093,113.379003,22.507849
442000,0760_105_003,太阳城区域,113.495538,22.563585,113.476519,22.546286
442000,0760_106_001,北外环彩虹桥大道,113.407179,22.57267,113.319528,22.545691
442000,0760_106_002,火炬国际会展中心,113.494805,22.572672,113.407147,22.491733
442000,0760_106_003,博爱立交,113.348759,22.545692,113.319553,22.491733
442000,0760_106_004,逸仙湖公园,113.377969,22.545691,113.348759,22.518712
442000,0760_106_005,莲峰山,113.407179,22.545691,113.377969,22.518712
442000,0760_106_006,悦来南隧道,113.377969,22.518712,113.348759,22.491733
442000,0760_106_007,孙文纪念公园,113.407147,22.518712,113.377969,22.491733
442000,0760_106_008,古香林旅游区,113.407147,22.491733,113.319553,22.464754
320200,0510_103_001,无锡城市内主干路,120.285826,31.683523,120.287224,31.423707
320200,0510_105_001,中山路区域,120.305746,31.585336,120.293246,31.562324
320200,0510_105_002,五爱广场区域,120.296512,31.582878,120.279112,31.559969
320200,0510_105_003,无锡南门区域,120.318617,31.575315,120.3058,31.549832
320200,0510_106_001,高桥-无锡枢纽,120.336386,31.652729,120.24133,31.598769
320200,0510_106_002,东北塘-友谊路,120.401252,31.652728,120.336293,31.598768
320200,0510_106_003,惠山国家森林公园,120.304619,31.598769,120.24133,31.571789
320200,0510_106_004,无锡站,120.336293,31.598768,120.304619,31.571789
320200,0510_106_005,东亭-广南路,120.367967,31.598768,120.336293,31.571789
320200,0510_106_006,九里河公园-紫薇园,120.43131,31.598768,120.367967,31.571789
320200,0510_106_007,蠡湖公园-嶂山,120.272987,31.571789,120.24133,31.517829
320200,0510_106_008,迎龙桥,120.304619,31.571789,120.272945,31.544809
320200,0510_106_009,兴竹立交-金城立交,120.336293,31.571789,120.304619,31.544809
320200,0510_106_010,景渎立交-景云立交,120.399617,31.571789,120.336293,31.544809
320200,0510_106_011,梅村立交,120.462903,31.571789,120.399599,31.517829
320200,0510_106_012,金星-金城湾公园,120.336293,31.544809,120.272987,31.517829
320200,0510_106_013,兴旺桥-新洲生态园,120.399617,31.544809,120.336293,31.517829
320200,0510_106_014,江南大学周边,120.304616,31.517829,120.24133,31.463869
320200,0510_106_015,立信立交-惠吴桥,120.367902,31.517829,120.304616,31.463869
320200,0510_106_016,苏南硕放机场,120.431188,31.517829,120.367902,31.463869
510100,0028_103_001,成都城市内主干路,104.170572,30.730425,103.977642,30.587601
510100,0028_105_001,春熙路区域,104.086056,30.659036,104.064126,30.646784
510100,0028_105_002,骡马市区域,104.072543,30.671587,104.058933,30.657225
510100,0028_105_003,盐市口区域,104.077609,30.659517,104.059591,30.650724
510100,0028_106_001,金牛体育中心,104.043254,30.727677,103.98052,30.673718
510100,0028_106_002,升仙湖,104.105989,30.727677,104.043254,30.700698
510100,0028_106_003,成绵立交-成南立交,104.168724,30.727677,104.105989,30.646738
510100,0028_106_004,西南财经大学周边,104.043254,30.673718,103.98052,30.646738
510100,0028_106_005,成都站-人民北路,104.074622,30.700698,104.043254,30.673718
510100,0028_106_006,解放路-二环路三段,104.105989,30.700698,104.074622,30.673718
510100,0028_106_007,骡马市-盐市口,104.074622,30.673718,104.043254,30.646738
510100,0028_106_008,春熙路-新鸿路,104.105989,30.673718,104.074622,30.646738
510100,0028_106_009,华西坝-玉林,104.074622,30.646738,104.043254,30.619758
510100,0028_106_010,四川大学周边,104.105989,30.646738,104.074622,30.619758
510100,0028_106_011,武侯立交-蓝天立交,104.043254,30.646738,103.98052,30.592779
510100,0028_106_012,成都南站,104.105989,30.619758,104.043254,30.592779
510100,0028_106_013,成都东站,104.168724,30.646738,104.105989,30.592779
500000,0023_103_001,重庆城市内主干路,106.654198,29.669896,106.42352,29.461163
500000,0023_105_001,观音桥区域,106.546832,29.580507,106.532255,29.563926
500000,0023_105_002,解放碑区域,106.580414,29.562896,106.566108,29.552102
500000,0023_105_003,南坪区域,106.575957,29.530254,106.551592,29.518434
500000,0023_105_004,沙坪坝区域,106.472707,29.563787,106.437227,29.549167
500000,0023_105_005,杨家坪区域,106.532704,29.522259,106.493549,29.495207
500000,0023_106_001,北环立交-松树桥立交,106.514257,29.629367,106.45226,29.575407
500000,0023_106_002,沙坪坝,106.483258,29.575407,106.421261,29.521448
500000,0023_106_003,彩云湖湿地公园,106.483258,29.521448,106.421261,29.494468
500000,0023_106_004,双山晋愉公园,106.483258,29.494468,106.421261,29.440508
500000,0023_106_005,重庆理工大花溪校区,106.638251,29.494468,106.483258,29.386549
500000,0023_106_006,文峰塔,106.638251,29.548427,106.576254,29.494468
500000,0023_106_007,重庆北站-两栖动物园,106.607253,29.629367,106.545256,29.575407
500000,0023_106_008,人和立交,106.545256,29.629367,106.514257,29.602387
500000,0023_106_009,新牌坊立交-红旗河沟,106.545256,29.602387,106.514257,29.575407
500000,0023_106_010,鸿恩寺森林公园,106.514257,29.575407,106.483258,29.548427
500000,0023_106_011,观音桥-华新街,106.545256,29.575407,106.514257,29.548427
500000,0023_106_012,重庆站-黄花园,106.576254,29.575407,106.545256,29.548427
500000,0023_106_013,朝天门,106.607253,29.575407,106.576254,29.548427
500000,0023_106_014,重庆奥体中心,106.514257,29.548427,106.483258,29.521448
500000,0023_106_015,大坪-融侨公园,106.545256,29.548427,106.514257,29.521448
500000,0023_106_016,南坪-工贸,106.576254,29.548427,106.545256,29.521448
500000,0023_106_017,重庆动物园,106.514257,29.521448,106.483258,29.494468
500000,0023_106_018,杨家坪-重庆南站,106.545254,29.521448,106.514257,29.494468
500000,0023_106_019,大石路立交,106.576254,29.521448,106.545254,29.494468
320100,0025_103_001,南京城市内主干路,118.831163,32.099827,118.700808,31.959674
320100,0025_105_001,夫子庙区域,118.804801,32.026712,118.781368,32.017804
320100,0025_105_002,湖南路区域,118.788931,32.079069,118.761757,32.056832
320100,0025_105_003,新街口区域,118.799001,32.044017,118.770282,32.032405
320100,0025_106_001,南京西站,118.768466,32.121041,118.704824,32.067081
320100,0025_106_002,燕子矶,118.863929,32.175,118.768466,32.094061
320100,0025_106_003,南京东站,118.959391,32.175,118.863929,32.094061
320100,0025_106_004,中山陵,118.863929,32.094061,118.800287,32.040101
320100,0025_106_005,马群,118.92757,32.094061,118.863929,32.040101
320100,0025_106_006,南京理工大学周边,118.89575,32.040101,118.800287,31.959162
320100,0025_106_007,百家湖-九龙湖,118.89575,31.959162,118.768466,31.851243
320100,0025_106_008,郑和宝船遗址公园,118.768466,32.067081,118.704824,32.040101
320100,0025_106_009,绿博园,118.736645,32.040101,118.704824,32.013122
320100,0025_106_010,南京奥体中心,118.736645,32.013122,118.704824,31.959162
320100,0025_106_011,菊花台公园-南京南站,118.800287,31.986142,118.736645,31.959162
320100,0025_106_012,玄武湖公园-南京站,118.800287,32.094061,118.768466,32.067081
320100,0025_106_013,南京大学周边,118.800287,32.067081,118.768466,32.040101
320100,0025_106_014,莫愁湖公园,118.768466,32.040101,118.736645,32.013122
320100,0025_106_015,夫子庙,118.800287,32.040101,118.768466,32.013122
320100,0025_106_016,赛虹桥立交-安德门,118.768466,32.013122,118.736645,31.986142
320100,0025_106_017,雨花台风景名胜区,118.800287,32.013122,118.768466,31.986142
120000,0022_103_001,天津城市内主干路,117.347836,39.164611,117.132538,39.021481
120000,0022_105_001,南京路区域,117.202599,39.123156,117.182085,39.118074
120000,0022_105_002,滨江道区域,117.210423,39.128908,117.191683,39.123579
120000,0022_105_003,和平路区域,117.199158,39.129549,117.184616,39.127854
120000,0022_105_004,南门外区域,117.187002,39.138349,117.170477,39.120812
120000,0022_105_005,小白楼区域,117.217941,39.121881,117.210014,39.109686
120000,0022_105_006,围堤道区域,117.226761,39.100469,117.201185,39.087206
120000,0022_106_001,外环西路北段,117.160618,39.26667,117.091018,39.21271
120000,0022_106_002,天平桥-刘园,117.160702,39.21271,117.091102,39.185731
120000,0022_106_003,中北桥-西青道桥,117.160702,39.185731,117.091102,39.131771
120000,0022_106_004,津静桥-王顶堤桥,117.160702,39.131771,117.091102,39.077811
120000,0022_106_005,外环西路南段,117.230304,39.077811,117.126078,39.023852
120000,0022_106_006,复兴门-双林,117.334529,39.077811,117.230304,39.023852
120000,0022_106_007,昆仑桥-津滨桥,117.334529,39.131771,117.265105,39.077811
120000,0022_106_008,屿东城-空港经济区,117.33465,39.185731,117.265105,39.131772
120000,0022_106_009,张兴庄-小淀,117.265105,39.268019,117.160702,39.185731
120000,0022_106_010,西沽公园,117.195503,39.185731,117.160702,39.158751
120000,0022_106_011,天津北站,117.230304,39.185731,117.195503,39.158751
120000,0022_106_012,民权门桥-金钟桥,117.265105,39.185731,117.230304,39.158751
120000,0022_106_013,天津西站-鼓楼,117.195503,39.158751,117.160702,39.131771
120000,0022_106_014,天津站,117.230304,39.158751,117.195503,39.131771
120000,0022_106_015,顺驰桥-翠阜新村,117.265105,39.158751,117.230304,39.131771
120000,0022_106_016,天津大学周边,117.195503,39.131771,117.160702,39.104791
120000,0022_106_017,营口道-小白楼,117.230304,39.131771,117.195503,39.104791
120000,0022_106_018,东风桥-东兴桥,117.265105,39.131772,117.230304,39.104791
120000,0022_106_019,天津动物园,117.195503,39.104791,117.160702,39.077811
120000,0022_106_020,天津博物馆,117.230304,39.104791,117.195503,39.077811
120000,0022_106_021,土城-海津大桥,117.265105,39.104791,117.230304,39.077811
441900,0769_103_001,东莞城市内主干路,113.82214,23.124776,113.678855,22.963334
441900,0769_105_001,东纵区域,113.786434,23.060633,113.758717,23.030008
441900,0769_105_002,西正区域,113.768046,23.044802,113.739736,23.036722
441900,0769_105_003,南城区域,113.771206,23.008623,113.731422,23.003929
441900,0769_106_001,高埗镇,113.804374,23.128905,113.716395,23.074945
441900,0769_106_002,石龙站,113.892317,23.128904,113.804364,23.047966
441900,0769_106_003,环城路莞穗立交,113.716413,23.101925,113.65777,23.020987
441900,0769_106_004,大王洲,113.804364,23.074945,113.716395,23.047966
441900,0769_106_005,金鳌洲塔,113.74573,23.047966,113.716413,23.020987
441900,0769_106_006,人民公园,113.775047,23.047966,113.74573,23.020987
441900,0769_106_007,乌石岗-大井头公园,113.804364,23.047966,113.775047,23.020987
441900,0769_106_008,莞樟立交-石步桥,113.892333,23.047966,113.804364,23.020987
441900,0769_106_009,济川体育馆-东莞立交,113.716413,23.020987,113.65777,22.967027
441900,0769_106_010,中天广场-鸿福西路,113.74573,23.020987,113.716413,22.994008
441900,0769_106_011,会展中心-三元立交,113.775047,23.020987,113.74573,22.994008
441900,0769_106_012,五指山-同沙公园,113.83369,23.020987,113.775047,22.967028
441900,0769_106_013,寮步镇,113.892333,23.020987,113.83369,22.967027
441900,0769_106_014,甲子美术馆-莞长立交,113.775047,22.994008,113.716404,22.967028
430100,0731_103_001,长沙城市内主干路,113.087544,28.299335,112.907215,28.120079
430100,0731_105_001,五一广场区域,112.98859,28.206787,112.967979,28.185223
430100,0731_105_002,东塘区域,113.005853,28.186522,112.979768,28.158964
430100,0731_105_003,长沙火车站区域,113.021684,28.200219,112.995875,28.182965
430100,0731_106_001,西二环北段-滨江景观道,112.97304,28.288861,112.911778,28.234901
430100,0731_106_002,长沙汽车北站,113.034286,28.288861,112.97304,28.234901
430100,0731_106_003,西湖公园,112.97304,28.234901,112.911808,28.180941
430100,0731_106_004,长沙世界之窗,113.095466,28.261881,113.03425,28.207921
430100,0731_106_005,沪南农业大学周边,113.095466,28.207921,113.034224,28.153961
430100,0731_106_006,湖南省森林公园,113.034224,28.153961,112.97304,28.100001
430100,0731_106_007,中南大学周边,112.97304,28.180941,112.91184,28.126981
430100,0731_106_008,古开福寺-东风路,113.003656,28.234901,112.97304,28.207921
430100,0731_106_009,四方坪立交-火炬村,113.034272,28.234901,113.003656,28.207921
430100,0731_106_010,五一广场-浏城桥,113.003656,28.207921,112.97304,28.180941
430100,0731_106_011,长沙站,113.034272,28.207921,113.003645,28.180941
430100,0731_106_012,工人体育馆,113.003645,28.180941,112.97304,28.153961
430100,0731_106_013,高桥立交,113.034224,28.180941,113.003645,28.153961
440600,0757_103_001,佛山城市内主干路,113.17921,23.073712,113.093516,22.987823
440600,0757_105_001,祖庙区域,113.123744,23.036962,113.099541,23.016553
440600,0757_105_002,桂城区域,113.157234,23.040796,113.126614,23.020956
440600,0757_105_003,城南区域,113.132426,23.020054,113.100792,22.999848
440600,0757_106_001,桂江立交-江夏立交,113.156025,23.107034,113.097376,23.053074
440600,0757_106_002,龙溪-黄岐立交,113.214674,23.107034,113.156025,23.053074
440600,0757_106_003,佛山机场-石湾公园,113.097387,23.080052,113.038738,22.999114
440600,0757_106_004,佛山站-祖庙,113.126706,23.053074,113.097387,23.026094
440600,0757_106_005,千灯湖公园-桂城,113.156025,23.053074,113.126706,23.026094
440600,0757_106_006,平洲公园-佛陈路立交,113.214674,23.053074,113.156025,22.972136
440600,0757_106_007,佛山体育馆-魁奇路,113.126706,23.026094,113.097387,22.999114
440600,0757_106_008,亚洲艺术公园,113.156025,23.026094,113.126706,22.999114
440600,0757_106_009,乐从镇,113.156025,22.999114,113.068116,22.945154
330100,0571_103_001,杭州城市内主干路,120.307694,30.383609,120.079836,30.172996
330100,0571_105_001,湖滨区域,120.173584,30.259588,120.157667,30.249099
330100,0571_105_002,武林区域,120.173966,30.271709,120.153959,30.257198
330100,0571_105_003,吴山区域,120.181664,30.248137,120.156928,30.238036
330100,0571_106_001,杭州北站,120.182522,30.377138,120.088766,30.323178
330100,0571_106_002,石桥立交-德胜互通,120.245041,30.350158,120.182522,30.296198
330100,0571_106_003,三墩互通,120.088766,30.350156,120.057514,30.269218
330100,0571_106_004,浙大紫金港校区,120.120018,30.323178,120.088766,30.296198
330100,0571_106_005,和睦,120.15127,30.323178,120.120018,30.296198
330100,0571_106_006,杭州城北体育公园,120.182522,30.323178,120.15127,30.296198
330100,0571_106_007,浙江绿城医院周边,120.120018,30.296198,120.088766,30.269218
330100,0571_106_008,浙大西溪校区,120.151188,30.296198,120.120018,30.269218
330100,0571_106_009,西湖文化广场,120.18244,30.296198,120.151188,30.269218
330100,0571_106_010,浙大华家池校区,120.213692,30.296198,120.18244,30.269218
330100,0571_106_011,钱江二桥,120.307366,30.296196,120.213692,30.215258
330100,0571_106_012,西湖风景区,120.151335,30.269218,120.088913,30.188278
330100,0571_106_013,湖滨-杭州站,120.18244,30.269218,120.151188,30.242238
330100,0571_106_014,采荷生态园,120.213692,30.269218,120.18244,30.242238
330100,0571_106_015,复兴立交-望江新园,120.213752,30.242238,120.151242,30.215258
330100,0571_106_016,中兴立交,120.213752,30.215258,120.151335,30.161298
330100,0571_106_017,杭州南站,120.307366,30.215258,120.244944,30.13432
330100,0571_106_018,江陵路-滨康路,120.24497,30.215258,120.213752,30.161298
350200,0592_103_001,厦门城市内主干路,118.203439,24.557029,118.070625,24.41898
350200,0592_105_001,中山公园区域,118.094906,24.464748,118.075414,24.445938
350200,0592_105_002,火车站-富山区域,118.122923,24.481513,118.102487,24.464068
350200,0592_105_003,江头区域,118.141448,24.510268,118.12379,24.487306
350200,0592_105_004,翔鹭区域,118.119408,24.52256,118.090682,24.509913
350200,0592_106_001,厦门北站,118.09238,24.645279,118.033018,24.591319
350200,0592_106_002,美人山,118.151742,24.645279,118.09238,24.591319
350200,0592_106_003,杏林镇,118.092411,24.591319,118.003447,24.510379
350200,0592_106_004,集美大桥,118.181379,24.591319,118.09238,24.53736
350200,0592_106_005,海沧野生动物园,118.092411,24.510379,118.003447,24.429441
350200,0592_106_006,厦门站-厦门大学,118.151773,24.4834,118.092411,24.42944
350200,0592_106_007,厦门国际会展中心,118.211135,24.4834,118.151773,24.42944
350200,0592_106_008,湖边水库,118.211071,24.510379,118.151723,24.4834
350200,0592_106_009,湿地公园,118.211071,24.537358,118.151723,24.510379
350200,0592_106_010,石鼓山立交,118.122067,24.537358,118.092411,24.510379
350200,0592_106_011,高崎国际机场,118.151773,24.537358,118.122067,24.510379
350200,0592_106_012,仙岳公园,118.122067,24.510379,118.092411,24.4834
350200,0592_106_013,莲花-金尚路,118.151773,24.510379,118.122067,24.4834
420100,0027_103_001,武汉城市内主干路,114.482196,30.702533,114.143869,30.446447
420100,0027_105_001,武广区域,114.277581,30.585213,114.260226,30.566466
420100,0027_105_002,江汉路区域,114.296041,30.584465,114.278922,30.584804
420100,0027_105_003,中南区域,114.363412,30.557339,114.315685,30.537229
420100,0027_106_001,金银湖公园,114.253773,30.672666,114.159824,30.591727
420100,0027_106_002,汉口站-三金潭立交,114.316487,30.672666,114.253773,30.618706
420100,0027_106_003,二七长江大桥,114.410503,30.672666,114.316487,30.591727
420100,0027_106_004,武汉大学,114.410503,30.591729,114.347844,30.51079
420100,0027_106_005,武黄立交,114.472984,30.51079,114.379035,30.429851
420100,0027_106_006,武昌南站-南湖,114.379035,30.51079,114.28513,30.45683
420100,0027_106_007,武汉国际博览中心,114.28513,30.537769,114.222416,30.45683
420100,0027_106_008,沌口-太子湖,114.222416,30.537769,114.128467,30.45683
420100,0027_106_009,米粮山立交-王家湾,114.222485,30.591728,114.159771,30.537769
420100,0027_106_010,菱角湖万达广场,114.28513,30.618706,114.253773,30.591727
420100,0027_106_011,解放公园,114.316487,30.618706,114.28513,30.591727
420100,0027_106_012,宗关-硚口路,114.253773,30.591727,114.222416,30.564748
420100,0027_106_013,中山公园,114.28513,30.591727,114.253773,30.564748
420100,0027_106_014,江汉路-客运港,114.316487,30.591727,114.28513,30.564748
420100,0027_106_015,湖北大学周边,114.347844,30.591729,114.316487,30.564748
420100,0027_106_016,五里墩-月湖桥,114.253773,30.564748,114.222416,30.537769
420100,0027_106_017,月湖-琴台立交,114.28513,30.564748,114.253773,30.537769
420100,0027_106_018,黄鹤楼,114.316487,30.564748,114.28513,30.537769
420100,0027_106_019,洪山广场,114.347844,30.564748,114.316487,30.537769
420100,0027_106_020,紫阳公园,114.316487,30.537769,114.28513,30.51079
420100,0027_106_021,丁字桥,114.347844,30.537769,114.316487,30.51079
330200,0574_103_001,宁波城市内主干路,121.615715,29.913212,121.494085,29.827717
330200,0574_105_001,天一区域,121.5605,29.87064,121.547914,29.864117
330200,0574_105_002,万达区域,121.561794,29.828525,121.540412,29.812106
330200,0574_105_003,宁波市体育中心,121.595219,29.878297,121.57463,29.870801
330200,0574_106_001,高桥-望春,121.51605,29.900593,121.453805,29.846633
330200,0574_106_002,西门-文教,121.547166,29.900593,121.51605,29.873613
330200,0574_106_003,老外滩-日湖公园,121.578282,29.900593,121.547166,29.873613
330200,0574_106_004,宁波大学周边,121.640527,29.927573,121.578282,29.873613
330200,0574_106_005,宁波栎社机场,121.51605,29.846633,121.453805,29.792675
330200,0574_106_006,宁波站,121.547166,29.873613,121.51605,29.846633
330200,0574_106_007,天一广场-白鹤,121.578282,29.873613,121.547166,29.846633
330200,0574_106_008,宁波东站-福明,121.609339,29.873613,121.578282,29.846633
330200,0574_106_009,海晏路-盛莫路,121.640505,29.873613,121.609398,29.819653
330200,0574_106_010,宁波博物馆周边,121.609339,29.846633,121.51605,29.792675
210100,0024_103_001,沈阳城市内主干路,123.561443,41.875205,123.309096,41.745982
210100,0024_105_001,太原北街区域,123.413889,41.798586,123.394607,41.793598
210100,0024_105_002,中街区域,123.47305,41.806036,123.447042,41.791979
210100,0024_105_003,太原南街区域,123.407471,41.790213,123.388777,41.785652
210100,0024_105_004,沈阳北站区域,123.455687,41.824521,123.428151,41.808812
210100,0024_106_001,三台子-医学院,123.461523,41.909137,123.352941,41.855178
210100,0024_106_002,二台子-沈阳东互通,123.570106,41.909137,123.461523,41.828198
210100,0024_106_003,铁西体育场,123.352941,41.855178,123.280552,41.801218
210100,0024_106_004,怒江公园-北陵,123.461523,41.855178,123.352941,41.828198
210100,0024_106_005,明廉-寿泉,123.389135,41.828198,123.352941,41.801218
210100,0024_106_006,小白楼-西塔,123.425329,41.828198,123.389135,41.801218
210100,0024_106_007,金融中心-北站,123.461523,41.828198,123.425329,41.801218
210100,0024_106_008,大东广场-沈海园,123.497717,41.828198,123.461523,41.801218
210100,0024_106_009,沈阳东站-航空城,123.570106,41.828198,123.497717,41.774238
210100,0024_106_010,黄海公园-劳动公园,123.352941,41.801218,123.280552,41.774238
210100,0024_106_011,保工街-铁西广场,123.389135,41.801218,123.352941,41.774238
210100,0024_106_012,沈阳站-中山公园,123.425329,41.801218,123.389135,41.774238
210100,0024_106_013,青年公园-故宫,123.461523,41.801218,123.425329,41.774238
210100,0024_106_014,万泉公园,123.497717,41.801218,123.461523,41.774238
210100,0024_106_015,南阳湖街,123.352941,41.774238,123.280552,41.720279
210100,0024_106_016,工农大桥,123.425329,41.774238,123.352941,41.720279
210100,0024_106_017,沈阳奥体中心,123.533912,41.774238,123.425329,41.693299
320500,0512_103_001,苏州城市内主干路,120.736695,31.371989,120.522794,31.251994
320500,0512_105_001,观前区域,120.631571,31.3201,120.616168,31.298452
320500,0512_105_002,石路区域,120.61186,31.316798,120.589855,31.296277
320500,0512_105_003,苏州南门区域,120.63405,31.30333,120.612913,31.288551
320500,0512_105_004,苏州火车站区域,120.624216,31.343166,120.593356,31.326343
320500,0512_106_001,望亭-东桥,120.585351,31.481357,120.427416,31.373438
320500,0512_106_002,苏州火车北站,120.711699,31.508337,120.585351,31.400418
320500,0512_106_003,阳澄湖,120.901221,31.508337,120.711699,31.346458
320500,0512_106_004,大阳山森林公园,120.522177,31.373438,120.427416,31.265519
320500,0512_106_005,白洋湾-虎丘,120.585351,31.373438,120.522177,31.319478
320500,0512_106_006,广济北路-阳澄湖西路,120.616938,31.400418,120.585351,31.346458
320500,0512_106_007,苏州北枢纽,120.711699,31.400418,120.616938,31.346458
320500,0512_106_008,苏州站,120.616938,31.346458,120.585351,31.319478
320500,0512_106_009,官渎里立交,120.648525,31.346458,120.616938,31.319478
320500,0512_106_010,扬东路-现代大道,120.680112,31.346458,120.648525,31.319478
320500,0512_106_011,苏州园区站,120.711699,31.346458,120.680112,31.319478
320500,0512_106_012,白塘生态植物园,120.743286,31.346458,120.711699,31.319478
320500,0512_106_013,沙湖生态公园,120.774873,31.346458,120.743286,31.319478
320500,0512_106_014,唐桥-青秋浦大桥,120.80646,31.346458,120.774873,31.319478
320500,0512_106_015,石榴园,120.901221,31.346458,120.80646,31.238539
320500,0512_106_016,何山公园,120.553764,31.319478,120.522177,31.292499
320500,0512_106_017,寒山寺-运河公园,120.585351,31.319478,120.553764,31.292499
320500,0512_106_018,三医院-三香广场,120.616938,31.319478,120.585351,31.292499
320500,0512_106_019,苏州大学周边,120.648525,31.319478,120.616938,31.292499
320500,0512_106_020,中央公园-东方之门,120.680112,31.319478,120.648525,31.292499
320500,0512_106_021,金鸡湖,120.743286,31.319478,120.680112,31.265519
320500,0512_106_022,玉皇宫,120.80646,31.319478,120.743286,31.265519
320500,0512_106_023,苏州乐园,120.553764,31.292499,120.522176,31.265519
320500,0512_106_024,狮山-横山,120.585351,31.292499,120.553764,31.265519
320500,0512_106_025,友新立交-洞庭公园,120.616938,31.292499,120.585351,31.265519
320500,0512_106_026,南门,120.648525,31.292499,120.616938,31.265519
320500,0512_106_027,东南环立交-娄葑镇,120.680112,31.292499,120.648525,31.265519
320500,0512_106_028,胥口镇,120.522177,31.265519,120.427416,31.18458
320500,0512_106_029,上方山森林公园,120.616938,31.265519,120.522177,31.18458
320500,0512_106_030,康立医院-尹山湖,120.711699,31.265519,120.616938,31.18458
320500,0512_106_031,车坊镇,120.80646,31.265519,120.711699,31.211559
350100,0591_103_001,福州城市内主干路,119.386883,26.127108,119.225059,25.983621
350100,0591_105_001,东街口区域,119.307848,26.094793,119.292936,26.077988
350100,0591_105_002,台江区域,119.321771,26.077616,119.300987,26.062726
350100,0591_105_003,万宝区域,119.306229,26.067968,119.287048,26.050248
350100,0591_106_001,洪山桥-金山大桥,119.277191,26.107903,119.217109,26.053945
350100,0591_106_002,桔园洲-浦上立交,119.277191,26.053945,119.217136,25.999985
350100,0591_106_003,长安山公园,119.337246,26.053945,119.277191,25.999985
350100,0591_106_004,樟林火车站,119.397301,26.107903,119.337246,26.026965
350100,0591_106_005,福州站,119.337246,26.134882,119.277147,26.107903
350100,0591_106_006,西湖,119.307205,26.107903,119.277164,26.080924
350100,0591_106_007,温泉公园,119.337246,26.107903,119.307205,26.080924
350100,0591_106_008,白马河公园,119.307205,26.080924,119.277164,26.053945
350100,0591_106_009,福州博物馆,119.337246,26.080924,119.307205,26.053945
140100,0351_103_001,太原城市内主干路,112.62098,37.902558,112.477902,37.779822
140100,0351_105_001,柳巷区域,112.587175,37.880214,112.542023,37.858007
140100,0351_105_002,亲贤-长风区域,112.593488,37.832288,112.551387,37.806266
140100,0351_105_003,太原火车站区域,112.614857,37.874642,112.570252,37.8526
140100,0351_106_001,森林公园,112.554454,37.952431,112.451845,37.898472
140100,0351_106_002,太原北站,112.622752,37.952431,112.554454,37.898472
140100,0351_106_003,太原西站,112.520208,37.898472,112.451845,37.844513
140100,0351_106_004,滨河体育中心,112.554454,37.898472,112.520208,37.871493
140100,0351_106_005,龙潭公园,112.58857,37.898472,112.554389,37.871493
140100,0351_106_006,太原理工大,112.554389,37.871493,112.520208,37.844513
140100,0351_106_007,迎泽公园,112.58857,37.871493,112.554389,37.844513
140100,0351_106_008,太原站-朝阳街,112.622751,37.898472,112.58857,37.844513
140100,0351_106_009,晋阳湖,112.520208,37.844513,112.451845,37.736595
140100,0351_106_010,南内环桥-长风桥,112.554389,37.844513,112.520208,37.817535
140100,0351_106_011,山西体育场,112.58857,37.844513,112.554389,37.817535
140100,0351_106_012,山西大剧院,112.554389,37.817535,112.520208,37.790556
140100,0351_106_013,学府公园,112.58857,37.817535,112.554389,37.790556
140100,0351_106_014,京昆高速-龙城大街,112.588571,37.790554,112.520208,37.736595
140100,0351_106_015,太原武宿国际机场,112.656934,37.844513,112.58857,37.736595
130100,0311_103_001,城市内主干路,114.586348,38.092103,114.433061,37.995782
130100,0311_105_001,北国区域,114.525022,38.056189,114.499424,38.034475
130100,0311_105_002,解放广场区域,114.503991,38.059106,114.474164,38.033345
130100,0311_105_003,怀特区域,114.5561,38.037166,114.521749,38.0146
130100,0311_105_004,博物馆区域,114.535004,38.055257,114.515938,38.034594
130100,0311_105_005,东方明珠区域,114.580176,38.023842,114.544684,38.001302
130100,0311_106_001,石清路-古城西路,114.496138,38.107385,114.427676,38.080405
130100,0311_106_002,柳辛庄立交,114.5646,38.107385,114.496138,38.080405
130100,0311_106_003,石太公园,114.461858,38.080405,114.427578,38.053425
130100,0311_106_004,石家庄北站,114.496138,38.080405,114.461858,38.053425
130100,0311_106_005,义堂-建北,114.530418,38.080405,114.496138,38.053425
130100,0311_106_006,建华北大街-丰收路,114.564698,38.080405,114.530418,38.053425
130100,0311_106_007,土贤庄站,114.598978,38.080405,114.564698,38.053425
130100,0311_106_008,西二环北路-中山西路,114.461858,38.053425,114.427578,38.026445
130100,0311_106_009,石家庄客运总站,114.496138,38.053425,114.461858,38.026445
130100,0311_106_010,人民广场-长安公园,114.530418,38.053425,114.496138,38.026445
130100,0311_106_011,裕彤国际体育中心,114.564698,38.053425,114.530418,38.026445
130100,0311_106_012,京港澳高速-裕华东路,114.598978,38.053425,114.564698,38.026445
130100,0311_106_013,长江大道-天山大街,114.66744,38.053425,114.598978,37.999465
130100,0311_106_014,玉村站,114.461858,38.026445,114.427578,37.999465
130100,0311_106_015,石家庄火车站,114.496138,38.026445,114.461858,37.999465
130100,0311_106_016,魁安路-建设南大街,114.530418,38.026445,114.496138,37.999465
130100,0311_106_017,世纪公园,114.564698,38.026445,114.530418,37.999465
130100,0311_106_018,东环公园,114.598978,38.026445,114.564698,37.999465
370200,0532_103_001,青岛城市内主干路,120.488654,36.087525,120.304825,36.097085
370200,0532_105_001,香港中路区域,120.405363,36.082661,120.379446,36.055352
370200,0532_105_002,台东区域,120.37585,36.096764,120.348647,36.075497
370200,0532_105_003,市北CBD区域,120.403349,36.099634,120.37245,36.079125
370200,0532_106_001,城阳站,120.386707,36.322379,120.353207,36.295399
370200,0532_106_002,青岛农业大学,120.420207,36.322379,120.386707,36.295399
370200,0532_106_003,兴阳路-安顺北路,120.386707,36.295399,120.353207,36.268419
370200,0532_106_004,喜盈门立交,120.420207,36.295399,120.386707,36.268419
370200,0532_106_005,城阳南立交,120.487125,36.322379,120.420207,36.268419
370200,0532_106_006,青岛流亭国际机场,120.420207,36.268419,120.353289,36.214459
370200,0532_106_007,夏庄立交,120.487125,36.268419,120.420207,36.214459
370200,0532_106_008,沧口站,120.420207,36.214459,120.353289,36.160499
370200,0532_106_009,金水路,120.487125,36.214459,120.420207,36.160499
370200,0532_106_010,瑞昌路立交,120.353289,36.160499,120.319789,36.106539
370200,0532_106_011,沙岭庄站,120.386707,36.160499,120.353289,36.133519
370200,0532_106_012,跨海大桥-重庆中路,120.420207,36.160499,120.386789,36.133519
370200,0532_106_013,北岭山森林公园,120.386707,36.133519,120.353289,36.106539
370200,0532_106_014,河西,120.420207,36.133519,120.386789,36.106539
370200,0532_106_015,辽阳东路立交,120.487125,36.160499,120.420207,36.106539
370200,0532_106_016,大港站,120.353289,36.106539,120.319789,36.079559
370200,0532_106_017,鞍山路-山东路,120.386789,36.106539,120.353289,36.079559
370200,0532_106_018,福辽立交,120.420207,36.106539,120.386789,36.079559
370200,0532_106_019,浮山森林公园,120.486985,36.106539,120.420207,36.079559
370200,0532_106_020,青岛火车站,120.319789,36.079559,120.286289,36.052579
370200,0532_106_021,汇泉广场,120.353289,36.079559,120.319789,36.052579
370200,0532_106_022,青岛中山公园,120.386789,36.079559,120.353289,36.052579
370200,0532_106_023,奥帆中心,120.420207,36.079559,120.386789,36.052579
370200,0532_106_024,海昌海洋世界,120.453541,36.079559,120.420165,36.052579
370200,0532_106_025,胶州湾隧道,120.319789,36.052579,120.286417,35.988794
370200,0532_106_026,嘉陵江路连接线立交,120.319789,35.988794,120.186423,35.934834
370200,0532_106_027,香江路-黄岛,120.186423,35.988794,120.119505,35.934834
370200,0532_106_028,辛安,120.186423,36.042754,120.119505,35.988794
370200,0532_106_029,崇明岛路-澎湖岛街,120.23613,36.051496,120.186087,36.011027
331000,0576_103_001,台州城市内主干路,121.503067,28.749625,121.229228,28.538664
331000,0576_105_001,椒江区域,121.449776,28.683896,121.428855,28.67099
331000,0576_105_002,黄岩区域,121.284099,28.659156,121.254707,28.636345
331000,0576_105_003,路桥区域,121.386939,28.585992,121.365128,28.571439
331000,0576_106_001,北院大道-拱新大道,121.238318,28.684967,121.207569,28.631007
331000,0576_106_002,台州互通-台州站,121.299819,28.684967,121.238374,28.657987
331000,0576_106_003,黄岩,121.299819,28.657987,121.238374,28.604027
331000,0576_106_004,台州南互通-院桥镇,121.299819,28.604027,121.238374,28.550067
331000,0576_106_005,中央山公园,121.361264,28.604027,121.299819,28.550067
331000,0576_106_006,国际会展中心,121.392013,28.604027,121.361264,28.577047
331000,0576_106_007,文化路-黄石公园,121.392013,28.577047,121.361264,28.550067
331000,0576_106_008,东方太阳城欢乐岛,121.392013,28.684967,121.299798,28.604027
331000,0576_106_009,中心大道-黄椒路,121.422733,28.684967,121.392013,28.657987
331000,0576_106_010,解放南路-中山西路,121.453482,28.684967,121.422733,28.657987
331000,0576_106_011,台州市体育中心,121.422733,28.657987,121.392013,28.631007
331000,0576_106_012,东环大道-市府大道,121.453482,28.657987,121.422733,28.631007
331000,0576_106_013,疏港大道-枫南东路,121.484231,28.684967,121.453482,28.631007
331000,0576_106_014,东环大道-上椒线,121.453482,28.631007,121.392013,28.577047
331000,0576_106_015,台州路桥国际机场,121.422762,28.577047,121.392013,28.550067
350500,0595_103_001,泉州城市内主干路,118.629312,24.943914,118.541814,24.860254
350500,0595_105_001,老市区区域,118.607017,24.913949,118.581125,24.907775
350500,0595_105_002,田安路区域,118.613671,24.902085,118.592139,24.894315
350500,0595_105_003,新车站区域,118.609541,24.894385,118.581383,24.889023
350500,0595_106_001,泉州火车站,118.597452,24.982553,118.508218,24.928593
350500,0595_106_002,南环路-笋江路,118.567714,24.928593,118.508218,24.874635
350500,0595_106_003,笋江公园,118.597452,24.928593,118.567714,24.901614
350500,0595_106_004,泉州市体育中心,118.62719,24.928593,118.597492,24.901614
350500,0595_106_005,泉州大桥,118.597452,24.901614,118.567714,24.874635
350500,0595_106_006,泉秀,118.62719,24.901614,118.597452,24.874635
350500,0595_106_007,泉州东站,118.686686,24.955573,118.62719,24.901614
350500,0595_106_008,晋江大桥,118.686686,24.901614,118.62719,24.847655
350500,0595_106_009,凤池路-吉泰路,118.567694,24.874635,118.508218,24.820676
350500,0595_106_010,凤池路-泉安路,118.62719,24.874635,118.567694,24.820676
350500,0595_106_011,晋光路-博览大道,118.567714,24.820676,118.508218,24.766717
350500,0595_106_012,泉州晋江机场,118.62719,24.820676,118.567714,24.766717
530100,0871_103_001,昆明城市内主干路,102.74993,25.080553,102.664175,25.01098
530100,0871_105_001,三市街区域,102.720605,25.045646,102.693257,25.031856
530100,0871_105_002,白塔路区域,102.736251,25.039435,102.718041,25.023059
530100,0871_105_003,昆明火车站区域,102.729303,25.025303,102.71355,25.012826
530100,0871_106_001,云冶站,102.697746,25.135574,102.638178,25.081614
530100,0871_106_002,月牙潭公园,102.757334,25.135574,102.697746,25.081614
530100,0871_106_003,黄土坡立交-黑林铺,102.667962,25.081614,102.638178,25.054634
530100,0871_106_004,学府路,102.697746,25.081614,102.667962,25.054634
530100,0871_106_005,小菜园立交-马村立交,102.72753,25.081614,102.697766,25.054634
530100,0871_106_006,二环东路-穿金路,102.757334,25.081614,102.72753,25.054634
530100,0871_106_007,眠山森林生态公园,102.667962,25.054634,102.638178,25.027654
530100,0871_106_008,明波立交,102.697746,25.054634,102.667962,25.027654
530100,0871_106_009,翠湖,102.72753,25.054634,102.697746,25.027654
530100,0871_106_010,大树营立交,102.757314,25.054634,102.72753,25.027654
530100,0871_106_011,白沙河休闲公园,102.816902,25.081614,102.757334,25.027654
530100,0871_106_012,福海立交,102.697746,25.027654,102.667962,25.000674
530100,0871_106_013,昆明火车站,102.72753,25.027654,102.697746,25.000674
530100,0871_106_014,石虎关立交,102.757314,25.027654,102.72753,25.000674
530100,0871_106_015,昆明东站,102.816902,25.027654,102.757314,24.973694
530100,0871_106_016,滇池海埂公园,102.697746,25.000674,102.667962,24.946714
530100,0871_106_017,大商汇-世纪城,102.757334,25.000674,102.697746,24.946714
530100,0871_106_018,光卫立交,102.81683,24.973694,102.757314,24.940051
330700,0579_103_001,金华城市内主干路,119.729544,29.153514,119.56516,29.030947
330700,0579_105_001,江北区域,119.661578,29.108907,119.648933,29.098769
330700,0579_105_002,江南区域,119.655148,29.085985,119.641497,29.075091
330700,0579_105_003,金华火车站区域,119.644791,29.112094,119.630205,29.096791
330700,0579_106_001,仙桥立交,119.743517,29.144593,119.681743,29.090634
330700,0579_106_002,十八里立交,119.743517,29.090634,119.681743,29.036675
330700,0579_106_003,湖海塘,119.681743,29.063656,119.619987,29.036675
330700,0579_106_004,假日公园,119.681743,29.090635,119.650865,29.063656
330700,0579_106_005,中国茶文化园,119.650865,29.090635,119.619987,29.063656
330700,0579_106_006,金华东站,119.681743,29.117614,119.650865,29.090635
330700,0579_106_007,金华火车站,119.650865,29.117614,119.619987,29.090635
330700,0579_106_008,城北景观公园,119.681743,29.144593,119.650865,29.117614
330700,0579_106_009,浙江师大,119.650865,29.144593,119.619987,29.117614
330700,0579_106_010,后周,119.619987,29.063656,119.589109,29.036677
330700,0579_106_011,宾虹西路-金星北街,119.619987,29.090635,119.589109,29.063656
330700,0579_106_012,婺城大桥,119.619987,29.144594,119.558213,29.090635
330700,0579_106_013,白龙桥火车站,119.589109,29.090635,119.558213,29.036676
330700,0579_106_014,临江西路,119.558391,29.125962,119.527513,29.072003
330300,0577_103_001,温州城市内主干路,120.739701,28.023279,120.60578,27.960101
330300,0577_105_001,五马街区域,120.660167,28.015698,120.653808,28.006723
330300,0577_105_002,大南区域,120.670477,28.013447,120.658012,28.001997
330300,0577_105_003,温州火车站区域,120.695745,27.992422,120.675403,27.980038
330300,0577_106_001,江北乡,120.66459,28.080921,120.603453,28.026962
330300,0577_106_002,温州动物园,120.634021,28.026962,120.572884,27.946023
330300,0577_106_003,人民西路,120.66459,28.026962,120.634021,27.999983
330300,0577_106_004,洪殿,120.695159,28.026962,120.66459,27.999983
330300,0577_106_005,杨府山公园,120.725728,28.026962,120.695159,27.999983
330300,0577_106_006,城南立交,120.66459,27.999983,120.634021,27.973004
330300,0577_106_007,温州火车站,120.695159,27.999983,120.66459,27.973004
330300,0577_106_008,绣山公园,120.725728,27.999983,120.695159,27.973004
330300,0577_106_009,三垟乡,120.725728,27.973004,120.634021,27.919045
330300,0577_106_010,七都镇,120.786781,28.026962,120.725728,27.973004
330300,0577_106_011,温州东枢纽,120.786781,27.973004,120.725728,27.919045
330300,0577_106_012,黄石山,120.847834,27.973004,120.786781,27.919045
150100,0471_103_001,市内主干路,111.763848,40.881342,111.565962,40.758778
150100,0471_105_001,中山路区域,111.685564,40.824569,111.653347,40.801182
150100,0471_105_002,呼和浩特火车站,111.689574,40.840182,111.652183,40.817755
150100,0471_105_003,新华东街区域,111.724621,40.846347,111.681162,40.817849
150100,0471_106_001,呼和浩特体育场,111.664565,40.867539,111.628909,40.840559
150100,0471_106_002,内蒙古工业大学,111.700221,40.867539,111.664565,40.840559
150100,0471_106_003,成吉思汗公园,111.735877,40.867539,111.700221,40.840559
150100,0471_106_004,呼和浩特火车东站,111.771533,40.867539,111.735877,40.840559
150100,0471_106_005,内蒙古医大医院,111.664565,40.840559,111.628909,40.813579
150100,0471_106_006,呼和浩特火车站,111.700221,40.840559,111.664565,40.813579
150100,0471_106_007,新华东街-展览馆东路,111.735877,40.840559,111.700221,40.813579
150100,0471_106_008,国际会展中心,111.771533,40.840559,111.735877,40.813579
150100,0471_106_009,大召寺,111.664565,40.813579,111.628909,40.786599
150100,0471_106_010,青城公园,111.700221,40.813579,111.664565,40.786599
150100,0471_106_011,内蒙古农业大学,111.735877,40.813579,111.700221,40.786599
150100,0471_106_012,鄂尔多斯东街,111.771533,40.813579,111.735877,40.786599
150100,0471_106_013,南湖湿地公园,111.700221,40.786599,111.628909,40.732639
150100,0471_106_014,金桥,111.735877,40.786599,111.700221,40.759619
150100,0471_106_015,成吉思汗西街,111.628909,40.858545,111.569479,40.813579
150100,0471_106_016,鄂尔多斯西街,111.628909,40.813579,111.569479,40.768613
150100,0471_106_017,呼和浩特白塔机场,111.842845,40.867539,111.771533,40.813579
230100,0451_103_001,市内主干路,126.748984,45.806441,126.516142,45.653862
230100,0451_105_001,中央大街区域,126.634536,45.780678,126.602548,45.766482
230100,0451_105_002,秋林区域,126.650401,45.758422,126.629745,45.759651
230100,0451_105_003,爱建区域,126.602275,45.775598,126.604425,45.748931
230100,0451_106_001,共乐,126.622029,45.755674,126.596248,45.737688
230100,0451_106_002,哈尔滨工业大学,126.64781,45.755674,126.622029,45.737688
230100,0451_106_003,革新,126.673591,45.755674,126.64781,45.737688
230100,0451_106_004,龙塔,126.699372,45.755674,126.673591,45.737688
230100,0451_106_005,先锋,126.699372,45.77366,126.673591,45.755674
230100,0451_106_006,儿童公园,126.673591,45.77366,126.64781,45.755674
230100,0451_106_007,哈尔滨火车站,126.64781,45.77366,126.622029,45.755674
230100,0451_106_008,爱建,126.622029,45.782654,126.583354,45.755674
230100,0451_106_009,景阳街-北马路,126.64781,45.791646,126.622029,45.77366
230100,0451_106_010,哈尔滨市文化公园,126.673591,45.796144,126.64781,45.77366
230100,0451_106_011,红旗大街-公滨路,126.699372,45.737688,126.673591,45.7197
230100,0451_106_012,哈尔滨火车东站,126.73163,45.81413,126.673591,45.77366
230100,0451_106_013,黑龙江中医药大学,126.673591,45.737688,126.634944,45.710708
230100,0451_106_014,和兴,126.634944,45.737688,126.596248,45.710708
230100,0451_106_015,哈尔滨医科大学,126.634944,45.710708,126.596248,45.683728
230100,0451_106_016,省森林植物园,126.673591,45.710708,126.634944,45.683728
230100,0451_106_017,丁香公园,126.596248,45.755674,126.557601,45.728694
230100,0451_106_018,体育公园,126.557601,45.755674,126.518954,45.728694
230100,0451_106_019,工农大街-融江路,126.557601,45.728694,126.518954,45.701714
230100,0451_106_020,哈尔滨火车西站,126.596248,45.728694,126.557601,45.701714
230100,0451_106_021,东北农业大学,126.776701,45.77366,126.699372,45.7197
230100,0451_106_022,进乡,126.763712,45.719702,126.673591,45.65675
230100,0451_106_023,哈南,126.673591,45.683728,126.596248,45.629768
230100,0451_106_024,王岗,126.596248,45.701714,126.518954,45.647754
230100,0451_106_025,世茂大道,126.563423,45.842894,126.486094,45.788934
340100,0551_103_001,合肥城市内主干路,117.351806,31.90325,117.203667,31.808718
340100,0551_105_001,四牌楼区域,117.293243,31.868939,117.280617,31.861155
340100,0551_105_002,元一区域,117.329331,31.889364,117.301933,31.872308
340100,0551_105_003,南七区域,117.282773,31.834124,117.247861,31.819488
340100,0551_106_001,安徽农业大学,117.268508,31.872526,117.247332,31.85454
340100,0551_106_002,四牌楼,117.289686,31.872526,117.268508,31.85454
340100,0551_106_003,时雍门桥,117.310864,31.872526,117.289686,31.85454
340100,0551_106_004,铜陵路-和平路,117.34263,31.872526,117.310864,31.845546
340100,0551_106_005,合肥火车站,117.34263,31.899506,117.310864,31.872526
340100,0551_106_006,双岗,117.310864,31.899506,117.279098,31.872526
340100,0551_106_007,亳州路,117.279098,31.899506,117.247332,31.872526
340100,0551_106_008,潜山北路,117.247332,31.88152,117.215566,31.85454
340100,0551_106_009,玉兰大道-黄山路,117.215566,31.858725,117.1838,31.831745
340100,0551_106_010,安徽新华学院,117.215566,31.831745,117.1838,31.804765
340100,0551_106_011,合肥火车西站,117.24733,31.85454,117.215566,31.82756
340100,0551_106_012,中国科技大学,117.279098,31.85454,117.247332,31.82756
340100,0551_106_013,合肥工业大学,117.310864,31.85454,117.279098,31.82756
340100,0551_106_014,天鹅湖,117.247332,31.82756,117.215566,31.80058
340100,0551_106_015,金寨路-南二环路,117.279098,31.82756,117.247332,31.80058
340100,0551_106_016,葛大店,117.310864,31.82756,117.279098,31.80058
340100,0551_106_017,东二环路-南淝河路,117.34263,31.845546,117.310864,31.818566
210200,0411_103_001,大连城市内主干路,121.665332,38.933991,121.585245,38.894813
210200,0411_105_001,青泥洼区域,121.639454,38.926768,121.628911,38.912272
210200,0411_105_002,中山广场区域,121.647691,38.924709,121.640222,38.918631
210200,0411_105_003,人民路区域,121.66408,38.927564,121.647264,38.918831
210200,0411_105_004,西安路区域,121.595901,38.914988,121.584675,38.90715
210200,0411_106_001,西安路-鞍山路,121.60119,38.928125,121.58385,38.914636
210200,0411_106_002,长江路-长春路,121.61853,38.928125,121.60119,38.914636
210200,0411_106_003,大连火车站,121.63587,38.933589,121.61853,38.9201
210200,0411_106_004,中山广场,121.65321,38.933589,121.63587,38.9201
210200,0411_106_005,港湾广场,121.67055,38.933589,121.65321,38.9201
210200,0411_106_006,西安路-黄河路,121.60119,38.914636,121.58385,38.901147
210200,0411_106_007,人民广场,121.61853,38.914636,121.60119,38.901147
210200,0411_106_008,青泥洼,121.63587,38.9201,121.61853,38.906611
210200,0411_106_009,南山隧道,121.65321,38.9201,121.63587,38.906611
210200,0411_106_010,大连植物园,121.67055,38.9201,121.65321,38.90661
210200,0411_106_011,东港,121.716787,38.933589,121.67055,38.90661
210200,0411_106_012,老虎滩,121.687849,38.906611,121.61853,38.861644
210200,0411_106_013,星海广场,121.61853,38.901146,121.58385,38.874168
210200,0411_106_014,星海公园,121.58385,38.901147,121.549191,38.874168
210200,0411_106_015,七贤岭,121.549191,38.901147,121.50299,38.842692
210200,0411_106_016,马栏广场,121.58385,38.928125,121.526059,38.901147
210200,0411_106_017,春柳,121.60119,38.955104,121.566531,38.928125
210200,0411_106_018,大连国际机场,121.566531,38.964098,121.508714,38.928125
410100,0371_103_001,郑州城市内主干路,113.779992,34.82227,113.576728,34.690561
410100,0371_105_001,二七区域,113.684744,34.765721,113.646158,34.73514
410100,0371_105_002,花园路区域,113.69493,34.788238,113.665549,34.773191
410100,0371_105_003,碧沙岗区域,113.645776,34.756427,113.611611,34.73467
410100,0371_105_004,郑东区域,113.767363,34.793375,113.701936,34.759558
410100,0371_106_001,京广快速-农业路,113.650991,34.791663,113.618144,34.764684
410100,0371_106_002,郑州人民医院,113.683838,34.791663,113.650991,34.764684
410100,0371_106_003,黄河路立交,113.716685,34.791663,113.683838,34.764684
410100,0371_106_004,郑东,113.749532,34.791663,113.716685,34.764684
410100,0371_106_005,祭城-金庄,113.782379,34.791663,113.749532,34.764684
410100,0371_106_006,碧沙岗,113.650991,34.764684,113.618144,34.737705
410100,0371_106_007,郑州火车站,113.683838,34.764684,113.650991,34.737705
410100,0371_106_008,郑汴路-未来路,113.716685,34.764684,113.683838,34.737705
410100,0371_106_009,郑汴路立交,113.749532,34.764684,113.716685,34.737705
410100,0371_106_010,郑州东火车站,113.782379,34.764684,113.749532,34.737705
410100,0371_106_011,郑州市二院,113.650991,34.737705,113.618144,34.710726
410100,0371_106_012,郑州南火车站,113.683838,34.737705,113.650991,34.710726
410100,0371_106_013,弓庄-航海广场,113.716685,34.737705,113.683838,34.710725
410100,0371_106_014,中原福塔,113.749532,34.737705,113.716685,34.710726
410100,0371_106_015,经开中心广场,113.782379,34.737705,113.749532,34.710726
410100,0371_106_016,金沙湖高尔夫,113.782379,34.710725,113.716682,34.670257
410100,0371_106_017,站马屯,113.716685,34.710725,113.667413,34.670257
410100,0371_106_018,嵩山路立交,113.667413,34.710725,113.618144,34.670256
410100,0371_106_019,大岗刘,113.618144,34.751194,113.568875,34.710726
410100,0371_106_020,西流湖公园,113.618144,34.791663,113.568875,34.751194
410100,0371_106_021,北三环-南阳立交,113.650991,34.83663,113.596224,34.791663
410100,0371_106_022,北三环-花园路桥,113.705758,34.83663,113.650991,34.791663
130200,0315_103_001,唐山城市内主干路,118.281256,39.704551,118.090226,39.573976
130200,0315_105_001,唐百区域,118.199824,39.635219,118.164726,39.614597
130200,0315_105_002,八方区域,118.168325,39.640894,118.140932,39.624411
130200,0315_105_003,远洋城区域,118.191773,39.681917,118.161867,39.665503
130200,0315_106_001,唐山火车站,118.137253,39.643597,118.102211,39.616617
130200,0315_106_002,八方,118.172295,39.643597,118.137253,39.616617
130200,0315_106_003,唐百,118.207337,39.643597,118.172295,39.616617
130200,0315_106_004,东立立交,118.265717,39.643597,118.207337,39.598631
130200,0315_106_005,远洋城,118.195671,39.670577,118.160629,39.643597
130200,0315_106_006,龙华西道-建设北路,118.195671,39.697557,118.160629,39.670577
130200,0315_106_007,缸窑路,118.265803,39.697557,118.195671,39.643597
130200,0315_106_008,青龙湖公园,118.160629,39.697557,118.102211,39.643597
130200,0315_106_009,地震遗址公园,118.207337,39.616617,118.154819,39.576147
130200,0315_106_010,南湖,118.154819,39.616617,118.102303,39.576147
450100,0771_103_001,南宁城市内主干路,108.383883,22.866949,108.244248,22.767962
450100,0771_105_001,朝阳区域,108.329448,22.822504,108.313888,22.811836
450100,0771_105_002,南宁火车站区域,108.325851,22.831732,108.312934,22.814833
450100,0771_105_003,七星区域,108.338984,22.817349,108.322514,22.801728
450100,0771_105_004,金湖广场,108.381071,22.819508,108.361046,22.809799
450100,0771_105_005,琅东区域,108.40309,22.814233,108.3773,22.800649
450100,0771_106_001,凤岭儿童公园,108.410025,22.83189,108.390511,22.813904
450100,0771_106_002,长湖立交,108.390511,22.83189,108.370997,22.813904
450100,0771_106_003,金花茶公园,108.370997,22.83189,108.351483,22.813904
450100,0771_106_004,新竹,108.351483,22.83189,108.331989,22.813904
450100,0771_106_005,南宁火车站,108.331989,22.83189,108.312455,22.813904
450100,0771_106_006,七星,108.331969,22.813904,108.312455,22.795918
450100,0771_106_007,教育路,108.351483,22.813904,108.331969,22.795918
450100,0771_106_008,金湖南路,108.370997,22.813904,108.351483,22.795918
450100,0771_106_009,樱花谷主题乐园,108.390511,22.813904,108.370997,22.795918
450100,0771_106_010,万象城,108.410025,22.813904,108.390511,22.795918
450100,0771_106_011,南宁大桥,108.400253,22.795918,108.351483,22.750952
450100,0771_106_012,白沙,108.351483,22.795918,108.312455,22.759946
450100,0771_106_013,白沙-友谊立交,108.312455,22.795918,108.273439,22.759946
450100,0771_106_014,新阳,108.312455,22.83189,108.273439,22.795918
450100,0771_106_015,沙井,108.273439,22.831892,108.195405,22.759946
450100,0771_106_016,南宁动物园,108.283193,22.867862,108.244177,22.83189
450100,0771_106_017,友爱立交,108.331969,22.876856,108.283193,22.83189
450100,0771_106_018,邕宾立交,108.380765,22.876856,108.331969,22.83189
370100,0531_103_001,济南城市内主干路,117.086543,36.732731,116.921677,36.593961
370100,0531_105_001,泉城路区域,117.050012,36.681549,117.013917,36.658458
370100,0531_105_002,经二路区域,117.002894,36.670101,116.982026,36.653579
370100,0531_105_003,花园路区域,117.075478,36.686322,117.04066,36.664728
370100,0531_105_004,英雄山区域,117.015139,36.650329,116.979077,36.629209
370100,0531_106_001,纬十二路,116.982251,36.666354,116.959829,36.648368
370100,0531_106_002,经二路,117.004673,36.666354,116.982251,36.648368
370100,0531_106_003,泉城广场,117.027095,36.666354,117.004673,36.648368
370100,0531_106_004,山东师范大学,117.049517,36.666354,117.027095,36.648368
370100,0531_106_005,燕子山路,117.071939,36.666354,117.049517,36.648368
370100,0531_106_006,山东大学中心校区,117.071981,36.68434,117.049517,36.666354
370100,0531_106_007,济南东火车站,117.049517,36.68434,117.027095,36.666354
370100,0531_106_008,大明湖,117.027095,36.68434,116.997255,36.666354
370100,0531_106_009,济南火车站,116.997255,36.693334,116.959829,36.666354
370100,0531_106_010,济南动物园,116.997255,36.720314,116.959829,36.693334
370100,0531_106_011,北立交-北园立交,117.033628,36.720312,116.997255,36.68434
370100,0531_106_012,全福立交,117.071981,36.720312,117.033628,36.68434
370100,0531_106_013,华龙路,117.111191,36.706824,117.071939,36.675348
370100,0531_106_014,解放东路,117.111191,36.675348,117.071939,36.643872
370100,0531_106_015,济南国际会展中心,117.150431,36.706824,117.111191,36.675348
370100,0531_106_016,济南奥体中心,117.150431,36.675348,117.111191,36.643872
370100,0531_106_017,邢村立交,117.228917,36.706824,117.150431,36.643872
370100,0531_106_018,千佛山风景名胜区,117.071939,36.648368,116.999101,36.589912
370100,0531_106_019,青龙山,116.999101,36.648368,116.926165,36.589912
370100,0531_106_020,济南森林公园,116.959829,36.682483,116.926165,36.648368
370100,0531_106_021,匡山,116.959829,36.720314,116.926165,36.682483
370100,0531_106_022,济南西火车站,116.926165,36.69138,116.875707,36.65091
610100,0029_103_001,西安城市内主干路,109.10651,34.37363,108.772399,34.176902
610100,0029_105_001,钟楼区域,108.975142,34.278836,108.920797,34.248853
610100,0029_105_002,高新商圈,108.925415,34.23438,108.887668,34.224531
610100,0029_105_003,北部区域,108.974138,34.342261,108.927824,34.320152
610100,0029_105_004,小寨区域,108.965972,34.231831,108.930233,34.209696
610100,0029_105_010,莲湖区域,,,,
610100,0029_105_011,新城区域,,,,
610100,0029_105_012,碑林区域,,,,
610100,0029_105_013,高新区域,,,,
610100,0029_105_014,雁塔区域,,,,
610100,0029_105_015,曲江区域,,,,
610100,0029_105_016,未央区域,,,,
610100,0029_105_017,经开区域,,,,
610100,0029_105_018,灞桥区域,,,,
610100,0029_105_019,长安区域,,,,
610100,0029_105_021,白鹿仓景区,,,,
610100,0029_106_001,省体育训练中心,108.887872,34.223117,108.855228,34.196138
610100,0029_106_002,木塔寺,108.920516,34.223117,108.887872,34.196138
610100,0029_106_003,西安烈士陵园,108.95316,34.223117,108.920516,34.196138
610100,0029_106_004,大唐芙蓉园,108.985804,34.223117,108.95316,34.196138
610100,0029_106_005,曲江路-曲江池北路,109.018486,34.223117,108.985804,34.196136
610100,0029_106_006,富鱼路-丈八北路,108.887872,34.250096,108.855228,34.223117
610100,0029_106_007,高新,108.920516,34.250096,108.887872,34.223117
610100,0029_106_008,陕西省体育场,108.95316,34.250096,108.920516,34.223117
610100,0029_106_009,太乙立交,108.985804,34.250096,108.95316,34.223117
610100,0029_106_010,延兴门,109.018486,34.250096,108.985804,34.223117
610100,0029_106_011,汉城路,108.887872,34.277075,108.855228,34.250096
610100,0029_106_012,桃园路-劳动路,108.920516,34.277075,108.887872,34.250096
610100,0029_106_013,钟楼,108.95316,34.277075,108.920516,34.250096
610100,0029_106_014,西安火车站,108.985804,34.277075,108.95316,34.250096
610100,0029_106_015,长乐公园,109.018486,34.277075,108.985804,34.250096
610100,0029_106_016,大兴立交,108.920516,34.304054,108.887872,34.277075
610100,0029_106_017,龙首原,108.95316,34.304054,108.920516,34.277075
610100,0029_106_018,华清路立交,109.018486,34.304054,108.95316,34.277075
610100,0029_106_019,十里铺,109.05113,34.304054,109.018486,34.277075
610100,0029_106_020,西安图书馆,108.95316,34.331033,108.920516,34.304054
610100,0029_106_021,曹家庙,108.985804,34.331033,108.95316,34.304054
610100,0029_106_022,西安城市运动公园,108.95316,34.358012,108.920516,34.331033
610100,0029_106_023,常青路,108.985804,34.358012,108.95316,34.331033
610100,0029_106_024,辛家庙-安邸立交,109.051147,34.358012,108.985804,34.304054
610100,0029_106_025,西安世园公园,109.116473,34.331034,109.05113,34.277075
610100,0029_106_026,纺织城,109.083765,34.277075,109.018486,34.196136
610100,0029_106_027,航天大道,109.018486,34.196138,108.95316,34.151171
610100,0029_106_028,航天城,108.95316,34.196138,108.887872,34.151171
610100,0029_106_029,河池寨,108.887872,34.196138,108.822655,34.151171
330400,0573_103_001,嘉兴城市内主干路,120.784406,30.790316,120.722533,30.735538
330400,0573_105_001,环城路区域,120.759761,30.770261,120.741554,30.753522
330400,0573_105_002,南湖区域,120.807508,30.753779,120.779852,30.735306
330400,0573_105_003,秀洲区域,120.727623,30.771101,120.706262,30.756979
330400,0573_106_001,东升西路,120.725949,30.803062,120.689309,30.771585
330400,0573_106_002,穆湖森林公园,120.762589,30.803062,120.725949,30.771585
330400,0573_106_003,昌盛东路,120.799231,30.812054,120.762589,30.780577
330400,0573_106_004,甪里街,120.814921,30.780577,120.762589,30.753598
330400,0573_106_005,秀洲,120.720725,30.771585,120.699793,30.753598
330400,0573_106_006,越秀北路,120.741657,30.771585,120.720725,30.753598
330400,0573_106_007,嘉兴火车站,120.762589,30.771585,120.741657,30.753598
330400,0573_106_008,嘉兴西-秀洲互通,120.699793,30.771585,120.657919,30.735611
330400,0573_106_009,嘉兴南火车站,120.814863,30.717624,120.741657,30.654671
330400,0573_106_010,嘉兴职业技术学院,120.720725,30.753598,120.699793,30.735611
330400,0573_106_011,嘉兴学院,120.741657,30.753598,120.720725,30.735611
330400,0573_106_012,南湖大桥-嘉兴大桥,120.762589,30.753598,120.741657,30.735611
330400,0573_106_013,嘉兴一中,120.783521,30.753598,120.762589,30.735611
330400,0573_106_014,南湖,120.804453,30.753598,120.783521,30.735611
330400,0573_106_015,汽车客运中心,120.741657,30.735612,120.699793,30.699638
330400,0573_106_016,府南花园,120.762589,30.735611,120.741657,30.717624
330400,0573_106_017,文贤路-嘉余线,120.783521,30.735611,120.762589,30.717624
330400,0573_106_018,嘉兴教育学院,120.804453,30.735611,120.783521,30.717624
330400,0573_106_019,广益路-亚欧路,120.846307,30.753598,120.804453,30.717625
331000,9001_101_001,长三角高速南京方向,,,,
320100,9001_101_001,长三角高速南京方向,,,,
320200,9001_101_001,长三角高速南京方向,,,,
320500,9001_101_001,长三角高速南京方向,,,,
310000,9001_101_001,长三角高速南京方向,,,,
310000,9001_101_002,长三角高速杭州方向,,,,
330400,9001_101_002,长三角高速杭州方向,,,,
330100,9001_101_002,长三角高速杭州方向,,,,
330200,9001_101_002,长三角高速杭州方向,,,,
440100,9002_101_001,珠三角高速惠州方向,,,,
440100,9002_101_002,珠三角高速阳江方向,,,,
441900,9002_101_001,珠三角高速惠州方向,,,,
440300,9002_101_001,珠三角高速惠州方向,,,,
442000,9002_101_002,珠三角高速阳江方向,,,,
440400,9002_101_002,珠三角高速阳江方向,,,,
440600,9002_101_002,珠三角高速阳江方向,,,,
110000,9003_101_001,京津冀高速保定方向,,,,
110000,9003_101_002,京津冀高速承德方向,,,,
120000,9003_101_001,京津冀高速保定方向,,,,
120000,9003_101_002,京津冀高速承德方向,,,,
130200,9003_101_002,京津冀高速承德方向,,,,
